date,month,wind_speed,temperature,humidity
2013-03-01,3,6.387,14.399,72.125
2013-03-02,3,6.649,14.549,71.617
2013-03-03,3,6.743,14.748,71.131
2013-03-04,3,6.758,14.922,70.864
2013-03-05,3,6.807,15.125,70.706
2013-03-06,3,6.860,15.373,70.347
2013-03-07,3,6.981,15.647,69.920
2013-03-08,3,6.994,15.933,69.357
2013-03-09,3,6.963,16.209,69.123
2013-03-10,3,6.825,16.361,69.229
2013-03-11,3,6.718,16.578,69.301
2013-03-12,3,6.624,16.708,69.488
2013-03-13,3,6.496,16.833,69.430
2013-03-14,3,6.619,16.941,69.196
2013-03-15,3,6.737,17.130,68.491
2013-03-16,3,6.790,17.224,68.421
2013-03-17,3,6.939,17.371,67.954
2013-03-18,3,7.143,17.486,67.576
2013-03-19,3,7.168,17.631,67.268
2013-03-20,3,7.184,17.909,66.596
2013-03-21,3,7.217,18.118,66.316
2013-03-22,3,7.342,18.352,65.870
2013-03-23,3,7.457,18.650,65.378
2013-03-24,3,7.571,18.867,65.187
2013-03-25,3,7.734,19.028,64.935
2013-03-26,3,7.858,19.226,64.561
2013-03-27,3,7.775,19.365,64.525
2013-03-28,3,7.806,19.524,64.477
2013-03-29,3,7.837,19.631,64.717
2013-03-30,3,7.968,19.787,64.537
2013-03-31,3,8.062,19.929,64.330
2013-04-01,4,8.086,20.082,63.995
2013-04-02,4,8.193,20.235,63.629
2013-04-03,4,8.307,20.400,63.096
2013-04-04,4,8.461,20.510,62.700
2013-04-05,4,8.535,20.646,61.978
2013-04-06,4,8.571,20.800,60.936
2013-04-07,4,8.599,21.008,60.135
2013-04-08,4,8.509,21.226,59.710
2013-04-09,4,8.498,21.496,59.044
2013-04-10,4,8.446,21.739,58.489
2013-04-11,4,8.518,21.985,57.701
2013-04-12,4,8.535,22.201,57.069
2013-04-13,4,8.578,22.449,56.383
2013-04-14,4,8.584,22.648,55.871
2013-04-15,4,8.616,22.830,55.496
2013-04-16,4,8.620,23.046,54.818
2013-04-17,4,8.590,23.292,53.676
2013-04-18,4,8.669,23.569,52.681
2013-04-19,4,8.532,23.781,51.895
2013-04-20,4,8.562,24.027,51.012
2013-04-21,4,8.697,24.193,50.411
2013-04-22,4,8.714,24.315,50.046
2013-04-23,4,8.610,24.451,49.688
2013-04-24,4,8.491,24.665,49.135
2013-04-25,4,8.429,24.903,48.459
2013-04-26,4,8.464,25.120,48.009
2013-04-27,4,8.395,25.341,47.366
2013-04-28,4,8.500,25.504,46.880
2013-04-29,4,8.416,25.716,46.438
2013-04-30,4,8.147,25.946,46.149
2013-05-01,5,8.096,26.160,45.514
2013-05-02,5,8.143,26.335,44.836
2013-05-03,5,8.200,26.518,44.179
2013-05-04,5,8.179,26.718,43.671
2013-05-05,5,8.115,26.914,43.102
2013-05-06,5,8.031,27.069,42.804
2013-05-07,5,8.032,27.214,42.611
2013-05-08,5,8.098,27.366,42.165
2013-05-09,5,8.178,27.551,41.639
2013-05-10,5,8.321,27.718,40.996
2013-05-11,5,8.486,27.839,40.460
2013-05-12,5,8.490,27.978,39.954
2013-05-13,5,8.356,28.135,39.501
2013-05-14,5,8.307,28.270,39.309
2013-05-15,5,8.299,28.481,38.731
2013-05-16,5,8.270,28.653,38.333
2013-05-17,5,8.143,28.810,37.833
2013-05-18,5,8.184,28.958,37.309
2013-05-19,5,8.334,29.061,37.075
2013-05-20,5,8.282,29.270,36.504
2013-05-21,5,8.310,29.450,35.983
2013-05-22,5,8.437,29.606,35.516
2013-05-23,5,8.481,29.781,35.092
2013-05-24,5,8.405,30.030,34.791
2013-05-25,5,8.361,30.273,34.422
2013-05-26,5,8.509,30.553,33.742
2013-05-27,5,8.531,30.776,33.223
2013-05-28,5,8.578,31.011,32.534
2013-05-29,5,8.485,31.188,32.085
2013-05-30,5,8.467,31.338,31.589
2013-05-31,5,8.571,31.476,31.499
2013-06-01,6,8.650,31.590,31.549
2013-06-02,6,8.751,31.693,31.732
2013-06-03,6,8.770,31.877,31.819
2013-06-04,6,8.595,32.047,32.012
2013-06-05,6,8.561,32.236,32.123
2013-06-06,6,8.556,32.272,32.763
2013-06-07,6,8.591,32.360,33.020
2013-06-08,6,8.670,32.427,33.468
2013-06-09,6,8.758,32.530,33.668
2013-06-10,6,8.763,32.640,33.977
2013-06-11,6,8.930,32.662,34.462
2013-06-12,6,8.887,32.728,34.878
2013-06-13,6,8.943,32.754,35.366
2013-06-14,6,8.972,32.786,35.812
2013-06-15,6,9.018,32.762,36.485
2013-06-16,6,9.049,32.725,37.563
2013-06-17,6,9.109,32.669,38.514
2013-06-18,6,9.129,32.671,39.386
2013-06-19,6,9.072,32.658,40.117
2013-06-20,6,8.920,32.747,40.351
2013-06-21,6,8.890,32.871,40.384
2013-06-22,6,8.992,32.987,40.305
2013-06-23,6,9.096,33.069,40.493
2013-06-24,6,9.255,33.102,40.772
2013-06-25,6,9.328,33.113,41.181
2013-06-26,6,9.212,33.106,41.849
2013-06-27,6,9.128,33.120,42.413
2013-06-28,6,9.144,33.109,43.044
2013-06-29,6,9.243,33.145,43.461
2013-06-30,6,9.206,33.161,44.066
2013-07-01,7,9.161,33.228,44.597
2013-07-02,7,9.175,33.304,45.042
2013-07-03,7,9.232,33.283,45.685
2013-07-04,7,9.336,33.278,46.291
2013-07-05,7,9.490,33.279,46.674
2013-07-06,7,9.560,33.248,47.338
2013-07-07,7,9.524,33.193,48.244
2013-07-08,7,9.483,33.118,49.063
2013-07-09,7,9.457,33.035,49.915
2013-07-10,7,9.319,33.018,50.665
2013-07-11,7,9.340,33.062,51.088
2013-07-12,7,9.367,33.015,51.965
2013-07-13,7,9.488,33.006,52.565
2013-07-14,7,9.514,32.969,53.208
2013-07-15,7,9.620,32.948,53.850
2013-07-16,7,9.606,32.898,54.778
2013-07-17,7,9.534,32.894,55.381
2013-07-18,7,9.364,32.834,56.276
2013-07-19,7,9.395,32.736,57.097
2013-07-20,7,9.288,32.583,58.292
2013-07-21,7,9.032,32.441,59.390
2013-07-22,7,8.878,32.307,60.340
2013-07-23,7,8.755,32.198,61.061
2013-07-24,7,8.649,32.048,62.090
2013-07-25,7,8.604,31.890,63.145
2013-07-26,7,8.551,31.792,63.850
2013-07-27,7,8.483,31.706,64.683
2013-07-28,7,8.491,31.675,65.342
2013-07-29,7,8.478,31.655,66.163
2013-07-30,7,8.435,31.603,66.755
2013-07-31,7,8.375,31.550,67.164
2013-08-01,8,8.231,31.510,67.445
2013-08-02,8,8.212,31.443,67.769
2013-08-03,8,8.309,31.387,68.098
2013-08-04,8,8.229,31.309,68.532
2013-08-05,8,8.175,31.279,68.787
2013-08-06,8,8.118,31.165,69.477
2013-08-07,8,7.950,31.068,69.941
2013-08-08,8,7.863,30.941,70.674
2013-08-09,8,7.789,30.783,71.420
2013-08-10,8,7.619,30.771,71.723
2013-08-11,8,7.608,30.702,72.102
2013-08-12,8,7.583,30.696,72.315
2013-08-13,8,7.636,30.706,72.380
2013-08-14,8,7.580,30.689,72.535
2013-08-15,8,7.575,30.701,72.471
2013-08-16,8,7.511,30.696,72.548
2013-08-17,8,7.662,30.680,72.671
2013-08-18,8,7.613,30.654,72.854
2013-08-19,8,7.626,30.574,73.387
2013-08-20,8,7.617,30.450,74.073
2013-08-21,8,7.609,30.328,74.769
2013-08-22,8,7.578,30.228,75.133
2013-08-23,8,7.402,30.198,75.435
2013-08-24,8,7.525,30.221,75.449
2013-08-25,8,7.433,30.194,75.770
2013-08-26,8,7.408,30.203,75.904
2013-08-27,8,7.546,30.214,75.787
2013-08-28,8,7.508,30.162,75.849
2013-08-29,8,7.488,30.140,75.930
2013-08-30,8,7.394,30.062,76.247
2013-08-31,8,7.308,29.993,76.471
2013-09-01,9,7.394,29.966,76.391
2013-09-02,9,7.495,29.958,76.114
2013-09-03,9,7.526,29.957,75.835
2013-09-04,9,7.579,29.969,75.416
2013-09-05,9,7.687,29.977,74.894
2013-09-06,9,7.746,29.989,74.570
2013-09-07,9,7.725,30.020,74.120
2013-09-08,9,7.656,29.991,74.059
2013-09-09,9,8.241,29.966,73.926
2013-09-10,9,8.210,29.979,73.588
2013-09-11,9,8.075,29.964,73.436
2013-09-12,9,8.041,29.971,73.248
2013-09-13,9,7.869,29.961,73.146
2013-09-14,9,7.765,29.971,72.865
2013-09-15,9,7.686,29.980,72.498
2013-09-16,9,7.712,29.945,72.232
2013-09-17,9,7.616,29.924,71.948
2013-09-18,9,7.626,29.963,71.413
2013-09-19,9,7.638,29.989,70.973
2013-09-20,9,7.726,29.975,70.801
2013-09-21,9,7.746,29.864,71.106
2013-09-22,9,7.731,29.841,71.031
2013-09-23,9,7.672,29.874,70.756
2013-09-24,9,7.676,29.886,70.621
2013-09-25,9,7.716,29.860,70.554
2013-09-26,9,7.682,29.792,70.744
2013-09-27,9,7.726,29.759,70.641
2013-09-28,9,7.613,29.751,70.502
2013-09-29,9,7.541,29.739,70.525
2013-09-30,9,7.519,29.687,70.709
2013-10-01,10,7.440,29.632,70.747
2013-10-02,10,7.384,29.577,70.732
2013-10-03,10,7.422,29.512,70.673
2013-10-04,10,7.422,29.434,70.796
2013-10-05,10,7.390,29.456,70.435
2013-10-06,10,7.367,29.479,70.122
2013-10-07,10,7.290,29.499,69.832
2013-10-08,10,7.228,29.533,69.530
2013-10-09,10,7.219,29.557,69.291
2013-10-10,10,7.172,29.547,69.115
2013-10-11,10,7.104,29.453,69.254
2013-10-12,10,6.967,29.376,69.430
2013-10-13,10,6.813,29.335,69.597
2013-10-14,10,6.769,29.335,69.428
2013-10-15,10,6.756,29.322,69.168
2013-10-16,10,6.518,29.306,68.902
2013-10-17,10,6.515,29.281,68.783
2013-10-18,10,6.423,29.251,68.591
2013-10-19,10,6.369,29.204,68.276
2013-10-20,10,6.223,29.137,68.054
2013-10-21,10,6.138,29.066,67.867
2013-10-22,10,6.094,29.008,67.541
2013-10-23,10,5.805,28.891,67.479
2013-10-24,10,5.807,28.805,67.185
2013-10-25,10,5.730,28.652,67.284
2013-10-26,10,5.458,28.499,67.633
2013-10-27,10,5.306,28.378,67.735
2013-10-28,10,5.234,28.231,67.838
2013-10-29,10,5.248,28.128,67.667
2013-10-30,10,5.211,28.026,67.595
2013-10-31,10,5.071,27.920,67.488
2013-11-01,11,4.833,27.780,67.793
2013-11-02,11,4.663,27.594,68.118
2013-11-03,11,4.514,27.410,68.283
2013-11-04,11,4.329,27.235,68.419
2013-11-05,11,4.161,27.039,68.729
2013-11-06,11,4.101,26.868,68.977
2013-11-07,11,4.137,26.737,69.000
2013-11-08,11,3.766,26.520,69.412
2013-11-09,11,3.713,26.357,69.533
2013-11-10,11,3.688,26.123,69.714
2013-11-11,11,3.738,25.918,69.739
2013-11-12,11,3.699,25.675,69.815
2013-11-13,11,3.703,25.463,69.782
2013-11-14,11,3.695,25.229,69.899
2013-11-15,11,3.592,25.018,70.015
2013-11-16,11,3.534,24.808,70.234
2013-11-17,11,3.481,24.582,70.382
2013-11-18,11,3.555,24.393,70.274
2013-11-19,11,3.515,24.213,70.165
2013-11-20,11,3.471,24.098,69.663
2013-11-21,11,3.455,23.923,69.440
2013-11-22,11,3.399,23.712,69.554
2013-11-23,11,3.316,23.502,69.756
2013-11-24,11,3.291,23.345,69.487
2013-11-25,11,3.381,23.229,69.005
2013-11-26,11,3.420,23.100,68.674
2013-11-27,11,3.446,22.918,68.693
2013-11-28,11,3.384,22.760,68.560
2013-11-29,11,3.395,22.608,68.261
2013-11-30,11,3.485,22.435,68.276
2013-12-01,12,3.388,22.248,68.336
2013-12-02,12,3.296,22.059,68.574
2013-12-03,12,3.206,21.936,68.393
2013-12-04,12,3.241,21.747,68.441
2013-12-05,12,3.325,21.537,68.483
2013-12-06,12,3.361,21.311,68.579
2013-12-07,12,3.380,21.091,68.764
2013-12-08,12,3.287,20.852,69.067
2013-12-09,12,3.260,20.630,69.283
2013-12-10,12,3.231,20.491,69.147
2013-12-11,12,3.291,20.332,68.969
2013-12-12,12,3.562,20.175,68.603
2013-12-13,12,3.663,19.999,68.484
2013-12-14,12,3.615,19.837,68.527
2013-12-15,12,3.657,19.655,68.715
2013-12-16,12,3.659,19.461,68.928
2013-12-17,12,3.675,19.268,69.256
2013-12-18,12,3.674,19.107,69.647
2013-12-19,12,3.703,18.970,70.001
2013-12-20,12,3.753,18.812,70.464
2013-12-21,12,3.761,18.594,71.137
2013-12-22,12,3.764,18.432,71.579
2013-12-23,12,3.897,18.271,71.831
2013-12-24,12,3.963,18.116,71.980
2013-12-25,12,4.525,17.961,71.729
2013-12-26,12,4.556,17.782,71.742
2013-12-27,12,4.493,17.602,72.020
2013-12-28,12,4.516,17.400,72.142
2013-12-29,12,4.565,17.195,72.175
2013-12-30,12,4.621,17.007,72.520
2013-12-31,12,4.685,16.858,72.857
2014-01-01,1,4.735,16.721,73.267
2014-01-02,1,4.777,16.560,73.609
2014-01-03,1,4.825,16.416,73.954
2014-01-04,1,4.844,16.316,74.184
2014-01-05,1,4.799,16.180,74.555
2014-01-06,1,5.179,16.035,74.774
2014-01-07,1,5.191,15.937,74.609
2014-01-08,1,5.213,15.804,74.664
2014-01-09,1,5.192,15.737,74.847
2014-01-10,1,5.095,15.629,75.239
2014-01-11,1,5.194,15.555,75.421
2014-01-12,1,5.198,15.474,75.686
2014-01-13,1,5.160,15.413,75.836
2014-01-14,1,5.191,15.378,75.998
2014-01-15,1,5.198,15.301,76.396
2014-01-16,1,5.185,15.246,76.782
2014-01-17,1,5.081,15.138,77.459
2014-01-18,1,4.992,15.048,77.972
2014-01-19,1,5.007,14.986,78.399
2014-01-20,1,5.046,14.932,78.686
2014-01-21,1,5.146,14.864,79.052
2014-01-22,1,5.245,14.816,79.357
2014-01-23,1,5.272,14.757,79.878
2014-01-24,1,5.249,14.635,80.528
2014-01-25,1,5.225,14.476,81.265
2014-01-26,1,5.326,14.397,81.553
2014-01-27,1,5.461,14.364,81.561
2014-01-28,1,5.503,14.345,81.615
2014-01-29,1,5.383,14.295,81.819
2014-01-30,1,5.372,14.237,82.124
2014-01-31,1,5.392,14.195,82.278
2014-02-01,2,5.411,14.137,82.376
2014-02-02,2,5.372,14.105,82.447
2014-02-03,2,5.462,14.126,82.361
2014-02-04,2,5.623,14.172,82.245
2014-02-05,2,5.631,14.189,82.116
2014-02-06,2,5.731,14.222,81.812
2014-02-07,2,5.944,14.280,81.612
2014-02-08,2,6.036,14.249,81.672
2014-02-09,2,6.083,14.187,81.531
2014-02-10,2,5.863,14.101,81.520
2014-02-11,2,5.731,14.038,81.469
2014-02-12,2,5.872,13.990,81.269
2014-02-13,2,5.910,13.986,80.906
2014-02-14,2,5.980,13.949,81.006
2014-02-15,2,6.030,13.909,80.950
2014-02-16,2,6.142,13.886,80.717
2014-02-17,2,6.300,13.869,80.333
2014-02-18,2,6.373,13.867,79.813
2014-02-19,2,6.396,13.874,79.502
2014-02-20,2,6.404,13.888,79.246
2014-02-21,2,6.400,13.936,78.979
2014-02-22,2,6.408,13.988,78.994
2014-02-23,2,5.964,14.035,79.274
2014-02-24,2,5.980,14.106,79.304
2014-02-25,2,5.976,14.210,79.122
2014-02-26,2,5.922,14.342,79.141
2014-02-27,2,5.953,14.476,79.261
2014-02-28,2,5.942,14.530,79.409
2014-03-01,3,5.931,14.557,79.374
2014-03-02,3,5.900,14.603,79.197
2014-03-03,3,5.827,14.718,78.985
2014-03-04,3,5.800,14.822,78.843
2014-03-05,3,5.870,14.922,78.491
2014-03-06,3,5.939,15.022,78.074
2014-03-07,3,5.595,15.140,77.684
2014-03-08,3,5.418,15.269,77.544
2014-03-09,3,5.515,15.437,77.206
2014-03-10,3,5.676,15.557,76.888
2014-03-11,3,5.936,15.696,76.631
2014-03-12,3,5.932,15.827,76.402
2014-03-13,3,6.043,15.929,76.065
2014-03-14,3,6.121,16.023,75.879
2014-03-15,3,6.121,16.135,75.644
2014-03-16,3,6.217,16.321,75.060
2014-03-17,3,6.303,16.554,74.420
2014-03-18,3,6.446,16.768,73.714
2014-03-19,3,6.585,16.922,73.100
2014-03-20,3,6.651,17.039,72.608
2014-03-21,3,6.666,17.170,72.296
2014-03-22,3,6.597,17.360,71.673
2014-03-23,3,6.636,17.485,71.102
2014-03-24,3,6.682,17.598,70.819
2014-03-25,3,6.593,17.777,70.342
2014-03-26,3,6.500,18.000,69.729
2014-03-27,3,6.435,18.152,69.354
2014-03-28,3,6.344,18.282,69.274
2014-03-29,3,6.359,18.436,69.037
2014-03-30,3,6.514,18.590,68.451
2014-03-31,3,6.719,18.751,67.799
2014-04-01,4,6.830,18.920,67.187
2014-04-02,4,6.907,19.132,66.587
2014-04-03,4,7.050,19.295,66.118
2014-04-04,4,7.044,19.418,65.851
2014-04-05,4,6.975,19.560,65.494
2014-04-06,4,7.059,19.779,65.036
2014-04-07,4,7.175,19.925,64.740
2014-04-08,4,7.137,20.027,64.317
2014-04-09,4,7.214,20.229,63.482
2014-04-10,4,7.268,20.454,62.913
2014-04-11,4,7.374,20.713,62.367
2014-04-12,4,7.397,20.975,61.954
2014-04-13,4,7.501,21.202,61.511
2014-04-14,4,7.509,21.409,61.213
2014-04-15,4,7.463,21.675,60.423
2014-04-16,4,7.470,21.921,59.825
2014-04-17,4,7.478,22.136,59.336
2014-04-18,4,7.505,22.288,59.307
2014-04-19,4,7.443,22.461,59.269
2014-04-20,4,7.490,22.659,58.813
2014-04-21,4,7.605,22.857,58.054
2014-04-22,4,7.667,23.061,57.340
2014-04-23,4,7.664,23.269,56.529
2014-04-24,4,7.663,23.484,55.794
2014-04-25,4,7.710,23.721,55.211
2014-04-26,4,7.829,23.944,54.594
2014-04-27,4,7.934,24.142,53.909
2014-04-28,4,7.984,24.357,53.096
2014-04-29,4,8.026,24.632,52.104
2014-04-30,4,8.044,24.917,51.075
2014-05-01,5,8.110,25.229,50.133
2014-05-02,5,8.157,25.504,49.452
2014-05-03,5,8.203,25.721,48.902
2014-05-04,5,8.211,25.938,48.358
2014-05-05,5,8.284,26.127,48.179
2014-05-06,5,8.287,26.312,47.983
2014-05-07,5,8.152,26.510,47.729
2014-05-08,5,8.202,26.666,47.502
2014-05-09,5,8.128,26.841,47.098
2014-05-10,5,8.000,26.996,46.558
2014-05-11,5,8.019,27.156,46.083
2014-05-12,5,8.035,27.306,45.962
2014-05-13,5,8.104,27.400,46.038
2014-05-14,5,8.201,27.487,45.915
2014-05-15,5,8.282,27.593,45.604
2014-05-16,5,8.328,27.675,45.406
2014-05-17,5,8.284,27.758,45.310
2014-05-18,5,8.346,27.921,44.943
2014-05-19,5,8.416,28.102,44.518
2014-05-20,5,8.454,28.246,44.005
2014-05-21,5,8.566,28.379,43.555
2014-05-22,5,8.601,28.554,43.080
2014-05-23,5,8.767,28.758,42.407
2014-05-24,5,8.833,28.873,42.245
2014-05-25,5,9.060,28.979,41.985
2014-05-26,5,9.048,29.090,41.832
2014-05-27,5,9.016,29.214,41.535
2014-05-28,5,8.943,29.343,41.350
2014-05-29,5,8.784,29.528,41.240
2014-05-30,5,8.757,29.678,41.246
2014-05-31,5,8.704,29.841,41.133
2014-06-01,6,8.854,29.941,40.981
2014-06-02,6,8.758,30.070,40.871
2014-06-03,6,8.667,30.220,40.634
2014-06-04,6,8.633,30.351,40.452
2014-06-05,6,8.663,30.464,40.146
2014-06-06,6,8.617,30.635,39.813
2014-06-07,6,8.625,30.847,39.494
2014-06-08,6,8.525,31.045,39.344
2014-06-09,6,8.417,31.237,39.392
2014-06-10,6,8.450,31.389,39.257
2014-06-11,6,8.612,31.530,38.977
2014-06-12,6,8.759,31.630,38.959
2014-06-13,6,8.947,31.674,39.100
2014-06-14,6,9.013,31.699,39.413
2014-06-15,6,9.075,31.812,39.386
2014-06-16,6,9.102,31.978,39.248
2014-06-17,6,9.129,32.189,38.877
2014-06-18,6,9.218,32.326,38.879
2014-06-19,6,9.322,32.472,38.877
2014-06-20,6,9.472,32.639,38.927
2014-06-21,6,9.426,32.764,39.107
2014-06-22,6,9.399,32.853,39.269
2014-06-23,6,9.380,32.899,39.500
2014-06-24,6,9.414,32.939,39.698
2014-06-25,6,9.499,32.951,40.052
2014-06-26,6,9.414,32.982,40.559
2014-06-27,6,9.402,33.037,40.902
2014-06-28,6,9.360,33.082,41.238
2014-06-29,6,9.433,33.078,41.775
2014-06-30,6,9.325,33.030,42.529
2014-07-01,7,9.321,32.980,43.202
2014-07-02,7,9.309,32.943,43.836
2014-07-03,7,9.297,32.893,44.515
2014-07-04,7,9.219,32.920,44.777
2014-07-05,7,9.257,33.006,44.793
2014-07-06,7,9.289,32.987,45.001
2014-07-07,7,9.204,33.031,45.097
2014-07-08,7,9.257,33.106,45.095
2014-07-09,7,9.354,33.206,45.086
2014-07-10,7,9.415,33.314,45.059
2014-07-11,7,9.380,33.458,44.813
2014-07-12,7,9.303,33.635,44.574
2014-07-13,7,9.260,33.714,44.816
2014-07-14,7,9.187,33.762,45.282
2014-07-15,7,9.176,33.795,45.655
2014-07-16,7,9.231,33.841,45.911
2014-07-17,7,9.111,33.829,46.559
2014-07-18,7,8.961,33.743,47.466
2014-07-19,7,8.937,33.722,48.082
2014-07-20,7,8.880,33.687,48.688
2014-07-21,7,8.772,33.668,49.224
2014-07-22,7,8.568,33.618,49.841
2014-07-23,7,8.591,33.604,50.213
2014-07-24,7,8.517,33.587,50.553
2014-07-25,7,8.614,33.597,50.705
2014-07-26,7,8.691,33.608,50.901
2014-07-27,7,8.729,33.576,51.250
2014-07-28,7,8.957,33.488,51.844
2014-07-29,7,8.860,33.441,52.266
2014-07-30,7,8.822,33.395,52.712
2014-07-31,7,8.675,33.391,53.237
2014-08-01,8,8.706,33.399,53.539
2014-08-02,8,8.614,33.320,54.275
2014-08-03,8,8.590,33.257,54.827
2014-08-04,8,8.533,33.151,55.541
2014-08-05,8,8.394,33.022,56.373
2014-08-06,8,8.266,32.916,57.077
2014-08-07,8,8.270,32.807,57.729
2014-08-08,8,8.270,32.693,58.325
2014-08-09,8,8.180,32.559,59.318
2014-08-10,8,8.020,32.407,60.431
2014-08-11,8,7.665,32.378,60.979
2014-08-12,8,7.526,32.409,61.019
2014-08-13,8,7.765,32.436,60.866
2014-08-14,8,7.939,32.378,60.958
2014-08-15,8,8.001,32.290,61.183
2014-08-16,8,7.874,32.183,61.478
2014-08-17,8,7.820,32.141,61.409
2014-08-18,8,7.731,32.077,61.555
2014-08-19,8,7.549,31.993,61.827
2014-08-20,8,7.533,31.933,61.944
2014-08-21,8,7.641,31.900,61.881
2014-08-22,8,7.672,31.914,61.837
2014-08-23,8,7.656,31.916,61.829
2014-08-24,8,7.626,31.931,61.712
2014-08-25,8,7.703,31.954,61.483
2014-08-26,8,7.711,31.943,61.346
2014-08-27,8,7.750,31.926,61.274
2014-08-28,8,7.700,31.870,61.441
2014-08-29,8,7.707,31.843,61.466
2014-08-30,8,7.672,31.797,61.683
2014-08-31,8,7.650,31.766,61.928
2014-09-01,9,7.823,31.775,61.774
2014-09-02,9,7.925,31.739,61.807
2014-09-03,9,8.022,31.638,62.238
2014-09-04,9,8.115,31.592,62.565
2014-09-05,9,8.161,31.467,63.181
2014-09-06,9,8.034,31.359,63.804
2014-09-07,9,7.830,31.276,64.313
2014-09-08,9,7.699,31.194,64.773
2014-09-09,9,7.583,31.101,65.298
2014-09-10,9,7.575,30.982,65.733
2014-09-11,9,7.772,30.898,65.999
2014-09-12,9,7.687,30.833,66.085
2014-09-13,9,7.609,30.771,66.179
2014-09-14,9,7.547,30.712,66.220
2014-09-15,9,7.547,30.694,66.035
2014-09-16,9,7.608,30.750,65.722
2014-09-17,9,7.628,30.762,65.570
2014-09-18,9,7.635,30.756,65.462
2014-09-19,9,7.627,30.737,65.314
2014-09-20,9,7.581,30.729,65.081
2014-09-21,9,7.538,30.727,64.781
2014-09-22,9,7.562,30.729,64.554
2014-09-23,9,7.907,30.733,64.283
2014-09-24,9,7.922,30.685,64.141
2014-09-25,9,7.980,30.657,63.926
2014-09-26,9,7.776,30.657,63.538
2014-09-27,9,7.826,30.661,63.155
2014-09-28,9,7.876,30.634,62.874
2014-09-29,9,7.876,30.600,62.590
2014-09-30,9,7.880,30.557,62.434
2014-10-01,10,7.917,30.562,62.019
2014-10-02,10,7.867,30.543,61.804
2014-10-03,10,7.813,30.543,61.519
2014-10-04,10,7.782,30.564,61.119
2014-10-05,10,7.689,30.539,60.971
2014-10-06,10,7.573,30.530,60.827
2014-10-07,10,7.493,30.530,60.686
2014-10-08,10,7.444,30.522,60.224
2014-10-09,10,7.411,30.508,59.557
2014-10-10,10,7.414,30.441,59.311
2014-10-11,10,7.391,30.334,59.305
2014-10-12,10,7.052,30.232,59.320
2014-10-13,10,6.890,30.186,59.357
2014-10-14,10,6.735,30.076,59.570
2014-10-15,10,6.651,29.977,59.706
2014-10-16,10,6.612,29.837,59.789
2014-10-17,10,6.936,29.723,59.640
2014-10-18,10,7.176,29.573,59.702
2014-10-19,10,7.099,29.415,59.879
2014-10-20,10,6.991,29.285,60.089
2014-10-21,10,6.883,29.163,60.239
2014-10-22,10,6.736,29.040,60.558
2014-10-23,10,6.563,28.908,60.887
2014-10-24,10,6.462,28.769,61.235
2014-10-25,10,6.312,28.621,61.683
2014-10-26,10,6.211,28.475,62.029
2014-10-27,10,6.130,28.396,61.948
2014-10-28,10,6.111,28.309,61.873
2014-10-29,10,6.069,28.244,61.667
2014-10-30,10,6.026,28.182,61.254
2014-10-31,10,5.829,28.081,61.127
2014-11-01,11,5.744,27.968,60.792
2014-11-02,11,5.614,27.872,60.313
2014-11-03,11,5.528,27.797,59.846
2014-11-04,11,5.455,27.749,59.361
2014-11-05,11,5.497,27.654,59.017
2014-11-06,11,5.578,27.520,58.827
2014-11-07,11,5.559,27.399,58.823
2014-11-08,11,5.555,27.281,58.759
2014-11-09,11,5.543,27.204,58.407
2014-11-10,11,5.304,27.117,57.847
2014-11-11,11,5.316,26.963,57.549
2014-11-12,11,5.285,26.800,57.278
2014-11-13,11,5.227,26.623,57.028
2014-11-14,11,5.239,26.436,56.693
2014-11-15,11,5.181,26.236,56.353
2014-11-16,11,5.100,26.029,56.116
2014-11-17,11,5.034,25.817,55.938
2014-11-18,11,4.999,25.594,55.878
2014-11-19,11,4.946,25.367,55.918
2014-11-20,11,4.903,25.198,55.913
2014-11-21,11,4.733,24.992,56.116
2014-11-22,11,4.249,24.807,56.313
2014-11-23,11,4.137,24.598,56.386
2014-11-24,11,4.045,24.379,56.382
2014-11-25,11,3.991,24.154,56.366
2014-11-26,11,3.936,23.973,56.434
2014-11-27,11,3.817,23.771,56.684
2014-11-28,11,3.693,23.586,56.995
2014-11-29,11,3.581,23.413,57.286
2014-11-30,11,3.571,23.235,57.318
2014-12-01,12,3.671,23.062,57.139
2014-12-02,12,3.772,22.910,57.055
2014-12-03,12,3.961,22.810,57.273
2014-12-04,12,4.042,22.654,57.486
2014-12-05,12,4.085,22.439,57.538
2014-12-06,12,4.146,22.226,57.363
2014-12-07,12,4.166,22.035,57.290
2014-12-08,12,4.158,21.858,57.290
2014-12-09,12,4.104,21.660,57.460
2014-12-10,12,4.069,21.590,57.599
2014-12-11,12,4.116,21.484,57.797
2014-12-12,12,3.977,21.315,57.895
2014-12-13,12,4.035,21.174,57.966
2014-12-14,12,4.046,21.046,58.276
2014-12-15,12,4.004,20.940,58.558
2014-12-16,12,3.711,20.819,58.969
2014-12-17,12,3.464,20.634,59.236
2014-12-18,12,3.445,20.434,59.602
2014-12-19,12,3.379,20.217,60.038
2014-12-20,12,3.441,19.978,60.386
2014-12-21,12,3.449,19.707,60.623
2014-12-22,12,3.456,19.442,60.940
2014-12-23,12,3.453,19.178,61.125
2014-12-24,12,3.495,18.921,61.390
2014-12-25,12,3.595,18.657,61.650
2014-12-26,12,3.692,18.421,61.886
2014-12-27,12,3.695,18.176,61.957
2014-12-28,12,3.680,17.913,62.294
2014-12-29,12,3.672,17.701,62.482
2014-12-30,12,3.653,17.505,62.688
2014-12-31,12,3.610,17.336,62.959
2015-01-01,1,3.506,17.201,63.340
2015-01-02,1,3.487,17.059,64.071
2015-01-03,1,3.437,16.917,64.661
2015-01-04,1,3.518,16.774,65.036
2015-01-05,1,3.665,16.624,65.254
2015-01-06,1,3.700,16.424,65.484
2015-01-07,1,3.738,16.186,65.813
2015-01-08,1,3.727,15.951,66.338
2015-01-09,1,3.696,15.771,66.813
2015-01-10,1,3.731,15.636,67.113
2015-01-11,1,3.773,15.492,67.592
2015-01-12,1,3.735,15.361,68.075
2015-01-13,1,3.692,15.259,68.657
2015-01-14,1,3.731,15.149,69.282
2015-01-15,1,3.704,15.051,69.807
2015-01-16,1,3.735,14.971,70.246
2015-01-17,1,3.731,14.903,70.640
2015-01-18,1,3.755,14.828,70.902
2015-01-19,1,3.735,14.717,71.292
2015-01-20,1,3.801,14.636,71.496
2015-01-21,1,3.835,14.526,71.738
2015-01-22,1,3.866,14.451,72.350
2015-01-23,1,3.816,14.413,72.896
2015-01-24,1,3.936,14.344,73.475
2015-01-25,1,3.913,14.238,73.921
2015-01-26,1,3.928,14.165,74.325
2015-01-27,1,4.017,14.063,74.440
2015-01-28,1,4.480,13.921,74.429
2015-01-29,1,4.503,13.783,74.642
2015-01-30,1,4.557,13.662,74.867
2015-01-31,1,4.576,13.535,75.034
2015-02-01,2,4.472,13.369,75.012
2015-02-02,2,4.588,13.304,74.928
2015-02-03,2,4.665,13.287,75.118
2015-02-04,2,4.738,13.227,75.655
2015-02-05,2,4.780,13.183,75.897
2015-02-06,2,4.784,13.152,76.110
2015-02-07,2,4.815,13.162,76.110
2015-02-08,2,4.807,13.081,76.083
2015-02-09,2,4.846,13.035,75.967
2015-02-10,2,4.915,13.006,75.940
2015-02-11,2,4.799,13.006,75.852
2015-02-12,2,4.834,12.983,75.569
2015-02-13,2,4.907,12.993,75.290
2015-02-14,2,4.853,13.020,75.135
2015-02-15,2,4.768,13.120,75.102
2015-02-16,2,4.891,13.268,74.960
2015-02-17,2,4.967,13.425,74.807
2015-02-18,2,4.956,13.591,74.739
2015-02-19,2,5.068,13.812,74.645
2015-02-20,2,5.164,14.035,74.347
2015-02-21,2,5.326,14.239,74.095
2015-02-22,2,5.515,14.444,73.693
2015-02-23,2,5.431,14.648,73.580
2015-02-24,2,5.404,14.850,73.503
2015-02-25,2,5.466,15.062,73.330
2015-02-26,2,5.566,15.246,72.470
2015-02-27,2,5.640,15.381,71.978
2015-02-28,2,5.713,15.542,71.559
2015-03-01,3,5.914,15.625,71.986
2015-03-02,3,6.010,15.671,72.284
2015-03-03,3,6.053,15.694,72.049
2015-03-04,3,6.149,15.721,71.670
2015-03-05,3,6.052,15.798,71.424
2015-03-06,3,5.886,15.898,71.307
2015-03-07,3,5.883,16.004,71.315
2015-03-08,3,5.948,16.169,71.118
2015-03-09,3,6.095,16.304,70.557
2015-03-10,3,6.210,16.423,70.355
2015-03-11,3,6.237,16.542,70.301
2015-03-12,3,6.245,16.700,70.011
2015-03-13,3,6.299,16.879,69.774
2015-03-14,3,6.349,17.033,69.553
2015-03-15,3,6.457,17.127,69.668
2015-03-16,3,6.584,17.252,69.713
2015-03-17,3,6.727,17.383,69.584
2015-03-18,3,6.900,17.496,69.467
2015-03-19,3,6.947,17.631,69.336
2015-03-20,3,7.066,17.777,69.132
2015-03-21,3,7.043,17.968,68.901
2015-03-22,3,7.151,18.166,68.744
2015-03-23,3,7.225,18.368,68.271
2015-03-24,3,7.228,18.554,67.946
2015-03-25,3,7.109,18.791,67.603
2015-03-26,3,7.194,19.046,67.213
2015-03-27,3,7.306,19.273,66.601
2015-03-28,3,7.279,19.502,66.257
2015-03-29,3,7.035,19.723,66.019
2015-03-30,3,7.217,19.923,65.999
2015-03-31,3,7.078,20.132,66.144
2015-04-01,4,7.039,20.343,66.179
2015-04-02,4,7.124,20.571,65.846
2015-04-03,4,7.043,20.690,65.967
2015-04-04,4,6.947,20.761,66.071
2015-04-05,4,7.086,20.910,65.848
2015-04-06,4,7.009,21.083,65.802
2015-04-07,4,7.121,21.227,65.794
2015-04-08,4,7.202,21.389,65.506
2015-04-09,4,7.279,21.546,65.323
2015-04-10,4,7.290,21.716,65.135
2015-04-11,4,7.348,21.925,64.817
2015-04-12,4,7.406,22.064,64.756
2015-04-13,4,7.422,22.218,64.777
2015-04-14,4,7.360,22.368,64.840
2015-04-15,4,7.387,22.506,64.775
2015-04-16,4,7.499,22.612,64.577
2015-04-17,4,7.464,22.737,64.202
2015-04-18,4,7.473,22.887,63.734
2015-04-19,4,7.458,23.068,63.203
2015-04-20,4,7.450,23.237,62.609
2015-04-21,4,7.515,23.387,61.965
2015-04-22,4,7.516,23.535,61.411
2015-04-23,4,7.404,23.678,60.980
2015-04-24,4,7.396,23.839,60.399
2015-04-25,4,7.511,23.966,59.912
2015-04-26,4,7.665,24.060,59.787
2015-04-27,4,7.847,24.228,60.097
2015-04-28,4,7.959,24.424,60.182
2015-04-29,4,7.993,24.591,60.212
2015-04-30,4,7.997,24.845,59.412
2015-05-01,5,7.974,25.074,58.639
2015-05-02,5,7.955,25.305,57.935
2015-05-03,5,7.893,25.543,57.435
2015-05-04,5,7.897,25.745,57.022
2015-05-05,5,7.940,25.947,56.501
2015-05-06,5,8.059,26.210,55.528
2015-05-07,5,8.184,26.475,54.517
2015-05-08,5,8.184,26.742,53.985
2015-05-09,5,8.180,27.031,53.294
2015-05-10,5,8.196,27.312,52.546
2015-05-11,5,8.288,27.538,52.033
2015-05-12,5,8.319,27.733,51.712
2015-05-13,5,8.300,27.837,51.652
2015-05-14,5,8.181,28.038,50.994
2015-05-15,5,8.158,28.182,50.498
2015-05-16,5,8.007,28.334,50.186
2015-05-17,5,7.942,28.550,49.698
2015-05-18,5,7.946,28.788,49.194
2015-05-19,5,8.042,28.938,48.832
2015-05-20,5,8.189,29.075,48.350
2015-05-21,5,8.208,29.250,47.694
2015-05-22,5,8.289,29.442,46.923
2015-05-23,5,8.478,29.636,46.194
2015-05-24,5,8.521,29.792,45.588
2015-05-25,5,8.547,29.946,45.052
2015-05-26,5,8.705,30.077,44.640
2015-05-27,5,8.755,30.190,44.088
2015-05-28,5,8.674,30.352,43.700
2015-05-29,5,8.563,30.546,43.050
2015-05-30,5,8.706,30.663,42.615
2015-05-31,5,8.837,30.793,42.036
2015-06-01,6,8.876,30.804,41.977
2015-06-02,6,8.903,30.923,41.446
2015-06-03,6,8.992,31.050,40.996
2015-06-04,6,8.779,31.188,40.674
2015-06-05,6,8.833,31.315,40.336
2015-06-06,6,8.802,31.476,39.963
2015-06-07,6,8.810,31.632,39.728
2015-06-08,6,8.763,31.807,39.397
2015-06-09,6,8.972,31.982,38.924
2015-06-10,6,9.138,32.122,38.714
2015-06-11,6,9.354,32.309,38.243
2015-06-12,6,9.450,32.495,37.639
2015-06-13,6,9.570,32.576,37.395
2015-06-14,6,9.539,32.565,37.701
2015-06-15,6,9.454,32.661,37.743
2015-06-16,6,9.362,32.732,37.799
2015-06-17,6,9.323,32.795,37.887
2015-06-18,6,9.304,32.845,37.956
2015-06-19,6,9.327,32.895,38.104
2015-06-20,6,9.358,32.918,38.437
2015-06-21,6,9.304,32.911,38.993
2015-06-22,6,9.242,32.934,39.435
2015-06-23,6,9.300,32.940,39.804
2015-06-24,6,9.192,33.053,40.149
2015-06-25,6,9.034,33.018,40.676
2015-06-26,6,8.934,33.034,40.697
2015-06-27,6,8.960,33.061,40.697
2015-06-28,6,8.961,33.111,40.701
2015-06-29,6,8.902,33.086,40.899
2015-06-30,6,8.979,33.080,41.151
2015-07-01,7,8.976,33.111,41.368
2015-07-02,7,9.041,33.157,41.479
2015-07-03,7,9.215,33.193,41.641
2015-07-04,7,9.369,33.226,41.981
2015-07-05,7,9.413,33.252,42.402
2015-07-06,7,9.312,33.126,43.566
2015-07-07,7,9.138,33.026,44.628
2015-07-08,7,9.046,32.962,45.378
2015-07-09,7,8.972,32.870,46.249
2015-07-10,7,8.891,32.747,47.241
2015-07-11,7,8.844,32.620,48.107
2015-07-12,7,8.856,32.583,48.670
2015-07-13,7,8.864,32.587,49.062
2015-07-14,7,8.925,32.626,49.324
2015-07-15,7,9.142,32.683,49.345
2015-07-16,7,9.226,32.658,49.695
2015-07-17,7,9.207,32.581,50.360
2015-07-18,7,9.030,32.547,50.941
2015-07-19,7,8.798,32.497,51.580
2015-07-20,7,8.690,32.389,52.470
2015-07-21,7,8.617,32.308,53.299
2015-07-22,7,8.536,32.222,54.005
2015-07-23,7,8.594,32.158,54.599
2015-07-24,7,8.525,32.062,55.307
2015-07-25,7,8.571,31.989,56.047
2015-07-26,7,8.741,31.926,56.899
2015-07-27,7,8.791,31.841,57.557
2015-07-28,7,8.849,31.747,58.120
2015-07-29,7,8.825,31.685,58.610
2015-07-30,7,8.748,31.597,59.322
2015-07-31,7,8.609,31.591,59.810
2015-08-01,8,8.482,31.535,60.351
2015-08-02,8,8.412,31.551,60.668
2015-08-03,8,8.420,31.545,60.839
2015-08-04,8,8.399,31.492,61.471
2015-08-05,8,8.405,31.429,62.136
2015-08-06,8,8.336,31.337,62.850
2015-08-07,8,8.271,31.216,63.684
2015-08-08,8,7.985,31.070,64.700
2015-08-09,8,7.735,30.916,65.664
2015-08-10,8,7.430,30.829,66.368
2015-08-11,8,7.225,30.704,67.235
2015-08-12,8,7.055,30.697,67.670
2015-08-13,8,6.997,30.781,67.535
2015-08-14,8,7.005,30.779,67.733
2015-08-15,8,6.958,30.714,68.289
2015-08-16,8,6.935,30.627,68.837
2015-08-17,8,6.897,30.554,69.295
2015-08-18,8,6.835,30.441,69.731
2015-08-19,8,7.174,30.410,69.943
2015-08-20,8,7.282,30.416,69.860
2015-08-21,8,7.352,30.370,70.068
2015-08-22,8,7.348,30.349,70.131
2015-08-23,8,7.333,30.227,70.223
2015-08-24,8,7.348,30.295,69.937
2015-08-25,8,7.323,30.310,69.988
2015-08-26,8,7.169,30.299,70.200
2015-08-27,8,7.107,30.270,70.425
2015-08-28,8,6.953,30.285,70.540
2015-08-29,8,6.884,30.308,70.529
2015-08-30,8,6.969,30.318,70.584
2015-08-31,8,7.078,30.287,70.726
2015-09-01,9,7.093,30.272,70.703
2015-09-02,9,7.024,30.235,70.605
2015-09-03,9,6.960,30.166,70.636
2015-09-04,9,6.995,30.235,69.959
2015-09-05,9,7.091,30.281,69.311
2015-09-06,9,7.172,30.281,68.808
2015-09-07,9,7.288,30.312,68.293
2015-09-08,9,7.384,30.396,67.541
2015-09-09,9,7.500,30.487,66.706
2015-09-10,9,7.519,30.583,65.901
2015-09-11,9,7.538,30.598,65.512
2015-09-12,9,7.410,30.619,65.288
2015-09-13,9,7.147,30.598,65.327
2015-09-14,9,6.966,30.600,65.211
2015-09-15,9,6.900,30.638,64.867
2015-09-16,9,6.854,30.685,64.469
2015-09-17,9,6.862,30.706,64.275
2015-09-18,9,6.904,30.738,64.102
2015-09-19,9,6.804,30.725,64.186
2015-09-20,9,6.765,30.673,64.269
2015-09-21,9,6.719,30.640,64.263
2015-09-22,9,6.777,30.611,64.257
2015-09-23,9,6.673,30.574,64.094
2015-09-24,9,6.584,30.544,63.773
2015-09-25,9,6.538,30.526,63.446
2015-09-26,9,6.449,30.522,63.321
2015-09-27,9,6.317,30.525,63.155
2015-09-28,9,6.216,30.513,63.001
2015-09-29,9,6.305,30.513,62.727
2015-09-30,9,6.429,30.525,62.312
2015-10-01,10,6.479,30.500,62.008
2015-10-02,10,6.634,30.447,61.926
2015-10-03,10,6.867,30.456,61.502
2015-10-04,10,6.781,30.446,61.081
2015-10-05,10,6.753,30.436,60.752
2015-10-06,10,6.792,30.421,60.387
2015-10-07,10,6.873,30.417,60.068
2015-10-08,10,6.896,30.434,59.652
2015-10-09,10,6.997,30.402,59.364
2015-10-10,10,7.101,30.404,58.831
2015-10-11,10,7.216,30.368,58.453
2015-10-12,10,7.262,30.322,58.197
2015-10-13,10,7.266,30.299,58.034
2015-10-14,10,7.348,30.293,57.669
2015-10-15,10,7.324,30.274,57.392
2015-10-16,10,7.328,30.226,57.226
2015-10-17,10,7.309,30.208,57.074
2015-10-18,10,6.939,30.135,57.248
2015-10-19,10,6.753,30.091,57.376
2015-10-20,10,6.658,30.063,57.257
2015-10-21,10,6.597,30.001,57.203
2015-10-22,10,6.577,29.915,56.980
2015-10-23,10,6.538,29.803,56.746
2015-10-24,10,6.394,29.684,56.679
2015-10-25,10,6.406,29.590,56.448
2015-10-26,10,6.410,29.476,56.300
2015-10-27,10,6.429,29.355,56.146
2015-10-28,10,6.464,29.165,56.133
2015-10-29,10,6.340,28.990,56.250
2015-10-30,10,6.142,28.832,56.464
2015-10-31,10,5.907,28.670,56.826
2015-11-01,11,5.710,28.520,57.241
2015-11-02,11,5.548,28.382,57.611
2015-11-03,11,5.367,28.249,58.032
2015-11-04,11,5.255,28.130,58.395
2015-11-05,11,5.213,27.978,58.952
2015-11-06,11,5.093,27.835,59.419
2015-11-07,11,4.916,27.672,59.884
2015-11-08,11,4.777,27.520,60.256
2015-11-09,11,4.646,27.362,60.709
2015-11-10,11,4.557,27.228,61.090
2015-11-11,11,4.582,27.057,61.174
2015-11-12,11,4.655,26.886,61.262
2015-11-13,11,4.701,26.728,61.345
2015-11-14,11,4.752,26.551,61.422
2015-11-15,11,4.728,26.386,61.539
2015-11-16,11,4.755,26.228,61.406
2015-11-17,11,4.717,26.043,61.085
2015-11-18,11,4.755,25.840,60.808
2015-11-19,11,4.678,25.663,60.734
2015-11-20,11,4.589,25.469,60.759
2015-11-21,11,4.442,25.278,60.814
2015-11-22,11,4.222,25.111,60.874
2015-11-23,11,4.029,24.924,61.226
2015-11-24,11,3.914,24.757,61.453
2015-11-25,11,3.906,24.592,61.501
2015-11-26,11,3.873,24.447,61.524
2015-11-27,11,3.850,24.285,61.653
2015-11-28,11,3.710,24.114,62.112
2015-11-29,11,3.591,23.932,62.685
2015-11-30,11,3.513,23.789,63.204
2015-12-01,12,3.297,23.638,63.621
2015-12-02,12,3.019,23.440,63.951
2015-12-03,12,3.088,23.251,64.215
2015-12-04,12,3.142,23.063,64.351
2015-12-05,12,3.080,22.882,64.538
2015-12-06,12,2.996,22.690,64.707
2015-12-07,12,2.961,22.511,64.903
2015-12-08,12,2.878,22.343,65.095
2015-12-09,12,2.824,22.174,65.487
2015-12-10,12,2.744,22.015,65.915
2015-12-11,12,2.775,21.815,66.311
2015-12-12,12,2.786,21.544,66.779
2015-12-13,12,2.763,21.290,66.836
2015-12-14,12,2.878,21.052,66.796
2015-12-15,12,2.952,20.807,66.817
2015-12-16,12,2.909,20.557,66.846
2015-12-17,12,2.739,20.313,66.878
2015-12-18,12,2.755,20.059,66.961
2015-12-19,12,2.765,19.803,67.078
2015-12-20,12,2.749,19.557,67.213
2015-12-21,12,2.699,19.355,67.526
2015-12-22,12,2.630,19.155,67.996
2015-12-23,12,2.664,18.949,68.465
2015-12-24,12,2.672,18.697,68.824
2015-12-25,12,2.672,18.461,69.057
2015-12-26,12,2.722,18.261,69.228
2015-12-27,12,2.722,18.170,69.328
2015-12-28,12,2.873,18.086,69.238
2015-12-29,12,2.969,17.986,69.201
2015-12-30,12,2.985,17.872,69.240
2015-12-31,12,3.004,17.740,69.255
2016-01-01,1,3.014,17.596,69.270
2016-01-02,1,3.041,17.429,69.403
2016-01-03,1,3.111,17.273,69.499
2016-01-04,1,3.026,17.167,69.530
2016-01-05,1,2.997,17.050,69.771
2016-01-06,1,3.017,16.975,69.884
2016-01-07,1,2.986,16.895,70.163
2016-01-08,1,3.105,16.791,70.323
2016-01-09,1,3.235,16.676,70.199
2016-01-10,1,3.204,16.572,70.447
2016-01-11,1,3.134,16.470,70.686
2016-01-12,1,3.146,16.397,70.858
2016-01-13,1,3.173,16.329,71.128
2016-01-14,1,3.245,16.213,71.435
2016-01-15,1,3.378,16.065,71.999
2016-01-16,1,3.480,15.961,72.527
2016-01-17,1,3.442,15.886,72.861
2016-01-18,1,3.451,15.798,73.123
2016-01-19,1,3.521,15.696,73.499
2016-01-20,1,3.601,15.585,73.775
2016-01-21,1,3.725,15.477,73.914
2016-01-22,1,3.785,15.390,74.079
2016-01-23,1,3.812,15.322,74.293
2016-01-24,1,3.826,15.185,74.791
2016-01-25,1,3.886,15.047,75.056
2016-01-26,1,3.886,14.981,75.280
2016-01-27,1,3.934,14.961,75.064
2016-01-28,1,3.999,14.940,74.866
2016-01-29,1,4.026,14.941,74.670
2016-01-30,1,4.019,14.956,74.666
2016-01-31,1,4.113,14.944,74.768
2016-02-01,2,4.114,14.914,74.693
2016-02-02,2,4.185,14.875,74.499
2016-02-03,2,4.297,14.802,74.402
2016-02-04,2,4.389,14.789,74.020
2016-02-05,2,4.387,14.707,73.917
2016-02-06,2,4.431,14.655,73.887
2016-02-07,2,4.420,14.609,73.868
2016-02-08,2,4.483,14.577,73.700
2016-02-09,2,4.495,14.586,73.527
2016-02-10,2,4.457,14.667,73.091
2016-02-11,2,4.500,14.781,72.887
2016-02-12,2,4.389,14.880,72.791
2016-02-13,2,4.397,14.946,72.762
2016-02-14,2,4.512,15.023,72.703
2016-02-15,2,4.596,15.112,72.468
2016-02-16,2,4.613,15.201,72.216
2016-02-17,2,4.617,15.307,72.006
2016-02-18,2,4.684,15.436,72.102
2016-02-19,2,4.730,15.611,72.027
2016-02-20,2,4.903,15.805,71.914
2016-02-21,2,5.131,15.946,71.577
2016-02-22,2,5.284,16.109,71.290
2016-02-23,2,5.354,16.274,71.032
2016-02-24,2,5.287,16.423,70.925
2016-02-25,2,5.244,16.543,70.829
2016-02-26,2,5.104,16.638,70.787
2016-02-27,2,5.036,16.745,70.687
2016-02-28,2,5.063,16.870,70.542
2016-02-29,2,5.090,17.018,70.418
2016-03-01,3,5.101,17.188,70.170
2016-03-02,3,5.095,17.370,69.857
2016-03-03,3,5.081,17.564,69.538
2016-03-04,3,5.184,17.756,68.990
2016-03-05,3,5.357,17.891,68.462
2016-03-06,3,5.405,17.982,68.211
2016-03-07,3,5.491,18.092,67.830
2016-03-08,3,5.472,18.224,67.446
2016-03-09,3,5.487,18.360,67.319
2016-03-10,3,5.574,18.525,67.037
2016-03-11,3,5.656,18.681,66.919
2016-03-12,3,5.714,18.790,66.873
2016-03-13,3,5.743,18.890,66.696
2016-03-14,3,5.776,19.003,66.456
2016-03-15,3,5.741,19.188,66.035
2016-03-16,3,5.735,19.360,65.596
2016-03-17,3,5.814,19.565,65.140
2016-03-18,3,5.901,19.781,64.820
2016-03-19,3,5.883,20.021,64.375
2016-03-20,3,5.827,20.272,63.950
2016-03-21,3,5.900,20.513,63.454
2016-03-22,3,6.209,20.735,62.695
2016-03-23,3,6.332,20.931,62.151
2016-03-24,3,6.275,21.213,61.495
2016-03-25,3,6.255,21.517,61.075
2016-03-26,3,6.369,21.685,60.791
2016-03-27,3,6.454,21.830,60.533
2016-03-28,3,6.480,21.981,60.257
2016-03-29,3,6.559,22.107,59.876
2016-03-30,3,6.656,22.264,59.231
2016-03-31,3,6.599,22.475,58.589
2016-04-01,4,6.678,22.720,58.129
2016-04-02,4,6.621,23.004,57.841
2016-04-03,4,6.536,23.341,57.470
2016-04-04,4,6.554,23.615,57.139
2016-04-05,4,6.672,23.942,56.450
2016-04-06,4,6.669,24.210,55.844
2016-04-07,4,6.803,24.448,55.177
2016-04-08,4,6.783,24.651,54.657
2016-04-09,4,6.896,24.867,54.074
2016-04-10,4,6.948,25.102,53.476
2016-04-11,4,7.115,25.271,53.147
2016-04-12,4,7.425,25.454,52.786
2016-04-13,4,7.639,25.699,52.218
2016-04-14,4,7.678,25.957,51.584
2016-04-15,4,7.743,26.224,51.014
2016-04-16,4,7.838,26.515,50.474
2016-04-17,4,7.933,26.781,49.883
2016-04-18,4,7.966,27.034,49.119
2016-04-19,4,7.973,27.215,48.508
2016-04-20,4,8.021,27.388,47.722
2016-04-21,4,7.998,27.605,47.114
2016-04-22,4,7.884,27.809,46.661
2016-04-23,4,8.048,27.984,46.181
2016-04-24,4,8.177,28.145,45.582
2016-04-25,4,8.204,28.298,45.004
2016-04-26,4,8.227,28.475,44.497
2016-04-27,4,8.254,28.647,43.998
2016-04-28,4,8.389,28.833,43.310
2016-04-29,4,8.479,29.003,42.632
2016-04-30,4,8.538,29.139,42.101
2016-05-01,5,8.652,29.301,41.540
2016-05-02,5,8.739,29.501,40.920
2016-05-03,5,8.745,29.638,40.689
2016-05-04,5,8.736,29.801,40.268
2016-05-05,5,8.836,29.930,39.859
2016-05-06,5,8.887,30.059,39.413
2016-05-07,5,8.852,30.224,39.030
2016-05-08,5,8.818,30.409,38.676
2016-05-09,5,8.992,30.542,38.395
2016-05-10,5,9.059,30.691,37.928
2016-05-11,5,9.030,30.823,37.644
2016-05-12,5,9.001,31.009,37.225
2016-05-13,5,9.031,31.258,36.593
2016-05-14,5,8.956,31.466,36.142
2016-05-15,5,8.854,31.688,35.738
2016-05-16,5,8.890,31.869,35.291
2016-05-17,5,8.939,32.058,34.701
2016-05-18,5,9.020,32.241,34.130
2016-05-19,5,9.129,32.411,33.826
2016-05-20,5,9.065,32.591,33.840
2016-05-21,5,8.878,32.775,33.965
2016-05-22,5,8.809,32.952,33.991
2016-05-23,5,9.005,33.020,34.009
2016-05-24,5,9.090,33.048,34.064
2016-05-25,5,9.103,33.190,33.797
2016-05-26,5,9.204,33.341,33.645
2016-05-27,5,9.350,33.546,33.200
2016-05-28,5,9.468,33.695,33.025
2016-05-29,5,9.546,33.727,33.313
2016-05-30,5,9.632,33.674,33.897
2016-05-31,5,9.555,33.709,34.114
2016-06-01,6,9.616,33.770,34.174
2016-06-02,6,9.772,33.841,34.026
2016-06-03,6,9.685,33.920,34.152
2016-06-04,6,9.584,34.018,34.364
2016-06-05,6,9.668,34.098,34.675
2016-06-06,6,9.671,34.190,34.820
2016-06-07,6,9.947,34.279,35.206
2016-06-08,6,9.879,34.368,35.409
2016-06-09,6,9.946,34.426,35.655
2016-06-10,6,9.847,34.532,35.769
2016-06-11,6,9.670,34.586,35.998
2016-06-12,6,9.512,34.648,36.149
2016-06-13,6,9.553,34.696,36.473
2016-06-14,6,9.587,34.679,36.969
2016-06-15,6,9.577,34.663,37.389
2016-06-16,6,9.610,34.644,37.846
2016-06-17,6,9.614,34.637,38.214
2016-06-18,6,9.719,34.668,38.497
2016-06-19,6,9.642,34.694,38.952
2016-06-20,6,9.507,34.643,39.774
2016-06-21,6,9.516,34.636,40.406
2016-06-22,6,9.312,34.656,41.056
2016-06-23,6,9.240,34.699,41.547
2016-06-24,6,9.254,34.777,41.943
2016-06-25,6,9.351,34.810,42.455
2016-06-26,6,9.396,34.839,42.929
2016-06-27,6,9.332,34.842,43.587
2016-06-28,6,9.271,34.787,44.450
2016-06-29,6,9.324,34.825,45.005
2016-06-30,6,9.295,34.838,45.619
2016-07-01,7,9.275,34.741,46.535
2016-07-02,7,9.254,34.622,47.362
2016-07-03,7,9.113,34.553,48.133
2016-07-04,7,8.983,34.554,48.705
2016-07-05,7,8.935,34.585,49.225
2016-07-06,7,9.006,34.584,49.673
2016-07-07,7,8.983,34.557,50.118
2016-07-08,7,8.766,34.511,50.706
2016-07-09,7,8.702,34.499,51.144
2016-07-10,7,8.651,34.500,51.407
2016-07-11,7,8.700,34.435,51.939
2016-07-12,7,8.659,34.322,52.807
2016-07-13,7,8.703,34.233,53.547
2016-07-14,7,8.710,34.120,54.396
2016-07-15,7,8.681,34.016,55.306
2016-07-16,7,8.594,33.843,56.440
2016-07-17,7,8.563,33.683,57.422
2016-07-18,7,8.534,33.521,58.269
2016-07-19,7,8.621,33.436,58.684
2016-07-20,7,8.656,33.404,58.920
2016-07-21,7,8.738,33.359,59.121
2016-07-22,7,8.634,33.391,59.258
2016-07-23,7,8.622,33.397,59.466
2016-07-24,7,8.493,33.367,59.893
2016-07-25,7,8.289,33.312,60.302
2016-07-26,7,8.141,33.179,61.234
2016-07-27,7,7.973,33.050,62.084
2016-07-28,7,7.865,33.017,62.488
2016-07-29,7,7.747,33.027,62.782
2016-07-30,7,7.655,32.938,63.466
2016-07-31,7,7.581,32.826,64.149
2016-08-01,8,7.480,32.685,64.964
2016-08-02,8,7.540,32.571,65.488
2016-08-03,8,7.578,32.477,65.846
2016-08-04,8,7.568,32.426,66.049
2016-08-05,8,7.457,32.399,66.315
2016-08-06,8,7.217,32.323,66.595
2016-08-07,8,7.207,32.273,66.937
2016-08-08,8,7.210,32.241,67.248
2016-08-09,8,7.201,32.166,67.744
2016-08-10,8,7.223,32.142,68.100
2016-08-11,8,7.201,32.019,68.972
2016-08-12,8,7.051,31.903,69.667
2016-08-13,8,6.907,31.864,70.033
2016-08-14,8,6.838,31.768,70.613
2016-08-15,8,6.860,31.737,70.886
2016-08-16,8,6.981,31.690,71.122
2016-08-17,8,6.905,31.591,71.487
2016-08-18,8,6.778,31.495,71.930
2016-08-19,8,6.682,31.514,71.836
2016-08-20,8,6.706,31.520,71.907
2016-08-21,8,6.750,31.494,72.028
2016-08-22,8,6.789,31.466,72.261
2016-08-23,8,6.761,31.384,72.653
2016-08-24,8,6.740,31.296,73.042
2016-08-25,8,6.717,31.240,73.292
2016-08-26,8,6.657,31.189,73.501
2016-08-27,8,6.686,31.206,73.421
2016-08-28,8,6.666,31.173,73.544
2016-08-29,8,6.650,31.074,73.913
2016-08-30,8,6.659,31.040,73.969
2016-08-31,8,6.684,31.021,74.129
2016-09-01,9,6.721,30.994,74.281
2016-09-02,9,6.883,30.995,74.204
2016-09-03,9,7.015,30.956,74.104
2016-09-04,9,7.052,30.929,74.025
2016-09-05,9,7.186,30.889,73.980
2016-09-06,9,7.320,30.882,73.632
2016-09-07,9,7.359,30.846,73.493
2016-09-08,9,7.461,30.835,73.365
2016-09-09,9,7.519,30.820,73.110
2016-09-10,9,7.626,30.832,72.744
2016-09-11,9,7.648,30.828,72.412
2016-09-12,9,7.742,30.848,71.997
2016-09-13,9,7.763,30.873,71.647
2016-09-14,9,7.760,30.935,71.255
2016-09-15,9,7.849,30.995,70.806
2016-09-16,9,7.780,31.058,70.252
2016-09-17,9,7.597,31.058,70.066
2016-09-18,9,7.680,31.025,70.054
2016-09-19,9,7.523,30.996,70.097
2016-09-20,9,7.421,30.985,70.063
2016-09-21,9,7.393,31.009,69.946
2016-09-22,9,7.488,30.986,69.869
2016-09-23,9,7.499,30.970,69.819
2016-09-24,9,7.483,30.986,69.560
2016-09-25,9,7.463,31.033,69.127
2016-09-26,9,7.427,31.065,68.787
2016-09-27,9,7.416,31.145,68.210
2016-09-28,9,7.427,31.231,67.593
2016-09-29,9,7.415,31.280,67.229
2016-09-30,9,7.359,31.331,66.815
2016-10-01,10,7.306,31.362,66.644
2016-10-02,10,7.284,31.366,66.615
2016-10-03,10,7.218,31.369,66.543
2016-10-04,10,7.242,31.315,66.679
2016-10-05,10,7.182,31.294,66.611
2016-10-06,10,7.105,31.254,66.605
2016-10-07,10,7.212,31.207,66.564
2016-10-08,10,7.198,31.190,66.336
2016-10-09,10,7.082,31.172,66.135
2016-10-10,10,7.032,31.200,65.496
2016-10-11,10,7.117,31.210,64.932
2016-10-12,10,7.252,31.198,64.435
2016-10-13,10,7.363,31.215,63.773
2016-10-14,10,7.300,31.183,63.444
2016-10-15,10,7.167,31.123,63.239
2016-10-16,10,7.178,31.098,62.862
2016-10-17,10,7.268,31.076,62.353
2016-10-18,10,7.364,31.017,62.022
2016-10-19,10,7.299,30.946,61.734
2016-10-20,10,7.284,30.904,61.395
2016-10-21,10,7.325,30.841,61.142
2016-10-22,10,7.445,30.805,60.799
2016-10-23,10,7.497,30.761,60.394
2016-10-24,10,7.579,30.710,60.043
2016-10-25,10,7.713,30.657,59.722
2016-10-26,10,7.688,30.587,59.488
2016-10-27,10,7.668,30.473,59.373
2016-10-28,10,7.692,30.405,58.981
2016-10-29,10,7.572,30.335,58.747
2016-10-30,10,7.494,30.294,58.438
2016-10-31,10,7.452,30.237,58.098
2016-11-01,11,7.277,30.132,57.881
2016-11-02,11,7.080,30.012,57.935
2016-11-03,11,6.932,29.911,57.942
2016-11-04,11,6.768,29.807,57.909
2016-11-05,11,6.640,29.686,58.102
2016-11-06,11,6.529,29.550,58.204
2016-11-07,11,6.485,29.427,58.093
2016-11-08,11,6.505,29.313,58.020
2016-11-09,11,6.424,29.176,57.878
2016-11-10,11,6.342,29.051,57.773
2016-11-11,11,6.210,28.922,57.749
2016-11-12,11,6.115,28.772,57.765
2016-11-13,11,6.117,28.663,57.523
2016-11-14,11,5.944,28.523,57.541
2016-11-15,11,5.953,28.371,57.503
2016-11-16,11,6.027,28.195,57.424
2016-11-17,11,5.921,28.020,57.305
2016-11-18,11,6.016,27.842,57.208
2016-11-19,11,6.021,27.629,57.318
2016-11-20,11,5.961,27.444,57.333
2016-11-21,11,5.871,27.303,57.214
2016-11-22,11,5.945,27.162,56.948
2016-11-23,11,5.963,27.022,56.697
2016-11-24,11,6.049,26.860,56.517
2016-11-25,11,6.251,26.729,56.011
2016-11-26,11,6.462,26.597,55.592
2016-11-27,11,6.628,26.451,55.231
2016-11-28,11,6.715,26.288,54.831
2016-11-29,11,6.693,26.111,54.737
2016-11-30,11,6.711,25.900,55.040
2016-12-01,12,6.687,25.682,55.410
2016-12-02,12,6.703,25.448,55.681
2016-12-03,12,6.705,25.292,55.387
2016-12-04,12,6.744,25.126,55.110
2016-12-05,12,6.773,24.925,54.973
2016-12-06,12,6.551,24.718,55.139
2016-12-07,12,6.420,24.512,55.412
2016-12-08,12,6.396,24.279,55.647
2016-12-09,12,6.338,24.106,55.931
2016-12-10,12,6.279,23.886,56.459
2016-12-11,12,6.168,23.727,56.831
2016-12-12,12,6.005,23.559,57.162
2016-12-13,12,5.914,23.381,57.403
2016-12-14,12,5.936,23.228,57.477
2016-12-15,12,5.984,23.057,57.590
2016-12-16,12,5.931,22.844,57.824
2016-12-17,12,5.915,22.661,58.073
2016-12-18,12,5.915,22.447,58.329
2016-12-19,12,5.936,22.260,58.468
2016-12-20,12,6.023,22.116,58.437
2016-12-21,12,6.125,21.928,58.517
2016-12-22,12,6.035,21.758,58.566
2016-12-23,12,5.869,21.542,58.954
2016-12-24,12,5.750,21.363,59.355
2016-12-25,12,5.806,21.137,59.990
2016-12-26,12,5.852,20.980,60.248
2016-12-27,12,5.869,20.836,60.394
2016-12-28,12,5.900,20.692,60.482
2016-12-29,12,5.966,20.533,60.762
2016-12-30,12,6.043,20.359,61.143
2016-12-31,12,6.120,20.203,61.614
2017-01-01,1,6.096,19.974,62.183
